Timestamp,Order Hash,Order Type,Token In,Token Out,Amount In,Amount Out,Amount In Usd,Amount Out Usd,IO Ratio,Sender,Transaction Hash
1743783593,0x5aa490f9ce3167fba059a7a3707bdbbb1d3bebae45e58b50f6add63123e95b5b,DSF,WLTH,USDC,1037.775093449132666647,3.378327,2.56019115553901,3.378327,307.186099347142140665,0x245fcce2d5d0e365c2777b5984460742ce438e7e,0x82b042a6ba2a434926512b67ed965f6f405fe2b8453ae732c7fe4812d271dc24
1743783397,0x5aa490f9ce3167fba059a7a3707bdbbb1d3bebae45e58b50f6add63123e95b5b,DSF,WLTH,USDC,2909.585461083893396276,9.630053,7.177947332493964,9.630053,302.135975895864061836,0xeafc1e8076500fd0b286d575bbeabad0794d3125,0x1d7b65e522ba71c6a7b70a6f920ebb40a41de3c5b157037800d0dfbc30c69198
1743783179,0x5aa490f9ce3167fba059a7a3707bdbbb1d3bebae45e58b50f6add63123e95b5b,DSF,WLTH,USDC,2284.287811180695871284,7.688077,5.635338030182776,7.688077,297.120828938198182885,0xc92be5c1a82da1ab3984a3923dcc5d8576279c7d,0xa145f739a283c1ac4ef9ad4974f64df1e5d6fcbe96662d102f53bc3d210f064f
1743781637,0x5aa490f9ce3167fba059a7a3707bdbbb1d3bebae45e58b50f6add63123e95b5b,DSF,WLTH,USDC,2577.184767898666535812,8.673714,6.35791482240601,8.673714,297.125864179827296105,0x7e59691f6b72d8cc5c64fb6eb4b00f28117802e8,0xee059ef613d6150a55d5aa5e0221a32a257a5712a344ffdab6867365ab5d8d33
1743780809,0x5aa490f9ce3167fba059a7a3707bdbbb1d3bebae45e58b50f6add63123e95b5b,DSF,WLTH,USDC,2060.989943529159395515,7.002154,5.084462190686437,7.002154,294.336563224567668108,0x7e59691f6b72d8cc5c64fb6eb4b00f28117802e8,0x6b1b8dfa335b77ba559f40d10f1016672edc53e6b2b9cbf6f61622eb1439144a
1743778705,0x5aa490f9ce3167fba059a7a3707bdbbb1d3bebae45e58b50f6add63123e95b5b,DSF,WLTH,USDC,2406.624426027177135254,8.124075,5.937142459009046,8.124075,296.233654419386469875,0xeafc1e8076500fd0b286d575bbeabad0794d3125,0x3cea4daab782447f55c377beb944bb4c746d88687ed64ea30dbfbe26ab2b2d20
1743777491,0x5aa490f9ce3167fba059a7a3707bdbbb1d3bebae45e58b50f6add63123e95b5b,DSF,WLTH,USDC,295.143862955581486342,1.0,0.7281199099114195,1,295.143862955581486342,0x970f1a3e7e36fa0e421eb816eb68be938332c45d,0xa3f08f1e95af4546f8c57ad4a781699790f11175e5bf1be4119c6fb50661a0d2
1743777331,0x5aa490f9ce3167fba059a7a3707bdbbb1d3bebae45e58b50f6add63123e95b5b,DSF,WLTH,USDC,2177.10775822373932715,7.510204,5.370924839537965,7.510204,289.886634001385225641,0xeafc1e8076500fd0b286d575bbeabad0794d3125,0x4a952ad6f059b0ea2d94ccfbe7a5e64b473bc4ee1c3a790aff2858647014df05
1743775649,0x5aa490f9ce3167fba059a7a3707bdbbb1d3bebae45e58b50f6add63123e95b5b,DSF,WLTH,USDC,2055.935207562152954608,7.116484,5.071992157055831,7.116484,288.897608364208077276,0xcb5d2b58e160162355f4ef79e723008d4fa39825,0xc81616adec39f45152bb32eb9518ed18a05079cabfb9e7cb456e3183966375df
1743773643,0x5aa490f9ce3167fba059a7a3707bdbbb1d3bebae45e58b50f6add63123e95b5b,DSF,WLTH,USDC,2113.893530866037647388,7.320001,5.2149753406465145,7.320001,288.783229792733313477,0x5078e91df99490ef44e35ddde3246172d22d29bc,0x2e650eb2676f732b78263f33fa8c1afb05f7829776738fe74783199b321ac0ae
1743771807,0x5aa490f9ce3167fba059a7a3707bdbbb1d3bebae45e58b50f6add63123e95b5b,DSF,WLTH,USDC,2355.510044804002512114,8.170865,5.811043280531474,8.170865,288.281601128399809826,0x72a228bd780cb41ba27bfc729e3cbceec75b9a7f,0xa10ba7035db9f1840311f68ee662d937b0615c423ce215a0fe94f16fdddf39a6
1743770627,0x5aa490f9ce3167fba059a7a3707bdbbb1d3bebae45e58b50f6add63123e95b5b,DSF,WLTH,USDC,1918.436940127368184694,6.713478,4.732783931294217,6.713478,285.75902686020095466,0xe0ca2e8451361c1667bcc92f6785d5160790db67,0x1c057beaac66e37710954166d18378eea916b2c36cdd16ea50c191e06af8ff25
1743768267,0x5aa490f9ce3167fba059a7a3707bdbbb1d3bebae45e58b50f6add63123e95b5b,DSF,WLTH,USDC,2002.25743708327447224,6.999844,4.939569097284438,6.999844,286.043151402127600592,0x2847dd0cde8d58740e52666e912c015189e11b5e,0x2b357c1950565da9470d48a32c632556889ac53b8d6aa5fd7925f6fa6c252117
1743766161,0x5aa490f9ce3167fba059a7a3707bdbbb1d3bebae45e58b50f6add63123e95b5b,DSF,WLTH,USDC,2343.508791782333544606,8.19576,5.7814361893270165,8.19576,285.941607829210902296,0x4830d191aaac7a58ce61739781ec684ccb9d45e5,0x2359908ff192b64f8dee5629cc69ad194e580eaeb625e0fed9dcb88d91f1bbcd
1743764999,0x5aa490f9ce3167fba059a7a3707bdbbb1d3bebae45e58b50f6add63123e95b5b,DSF,WLTH,USDC,1932.914728228275441254,6.824552,4.768500634539156,6.824552,283.229540668497425362,0xeafc1e8076500fd0b286d575bbeabad0794d3125,0x6f7aab85f29f85ea036cba449c1674a2f02b556b7a6f5e3b25c24db82d6575ed
1743762739,0x5aa490f9ce3167fba059a7a3707bdbbb1d3bebae45e58b50f6add63123e95b5b,DSF,WLTH,USDC,2364.302205204742219653,8.361118,5.832733540240099,8.361118,282.773452689549677405,0x36ce57db0eae67bc827afc7ff0d287ca8dcc359f,0x4244ae012896bfc4914a405a76a7b44af58f20c8c98509871f673bcca9231254
1743761695,0x5aa490f9ce3167fba059a7a3707bdbbb1d3bebae45e58b50f6add63123e95b5b,DSF,WLTH,USDC,1700.695750583473065793,6.088171,4.195616416689428,6.088171,279.344280997277025529,0xeafc1e8076500fd0b286d575bbeabad0794d3125,0xd608e9acd748c9eae3be384ac4039ee7604f6c776aa7440f347b9810df33f2b6
1743758733,0x5aa490f9ce3167fba059a7a3707bdbbb1d3bebae45e58b50f6add63123e95b5b,DSF,WLTH,USDC,1596.071107349854431302,5.723725,3.9375074218320907,5.723725,278.85181544358864748,0xeafc1e8076500fd0b286d575bbeabad0794d3125,0x00d43eca47c434658705da8520c0727eb6ec34e41eedeccd7cfc043001805051
1743755385,0x5aa490f9ce3167fba059a7a3707bdbbb1d3bebae45e58b50f6add63123e95b5b,DSF,WLTH,USDC,2076.731126361141631997,7.440386,5.123295688732937,7.440386,279.116046716009308118,0x245fcce2d5d0e365c2777b5984460742ce438e7e,0xa01f2529eed517641e21429aa637456a04882ac028c422f9a542c1eff3abab58
1743753647,0x5aa490f9ce3167fba059a7a3707bdbbb1d3bebae45e58b50f6add63123e95b5b,DSF,WLTH,USDC,1488.812353370924894511,5.385382,3.672900075766072,5.385382,276.454363566210325379,0x72a228bd780cb41ba27bfc729e3cbceec75b9a7f,0x11b0d318574461be754d3e19f30ec670eb61c33c7f10924af53744685966c7f9
1743749913,0x5aa490f9ce3167fba059a7a3707bdbbb1d3bebae45e58b50f6add63123e95b5b,DSF,WLTH,USDC,1497.266004799450799649,5.424396,3.6937552338402453,5.424396,276.024465175376355201,0x4830d191aaac7a58ce61739781ec684ccb9d45e5,0xae897e1361a9a98e78014347a62310755925eb062a0d1f4ae487de85a8237bce
1743746225,0x5aa490f9ce3167fba059a7a3707bdbbb1d3bebae45e58b50f6add63123e95b5b,DSF,WLTH,USDC,1336.856716270512146712,4.854628,3.2980255190393537,4.854628,275.377787189978747436,0x245fcce2d5d0e365c2777b5984460742ce438e7e,0x174c683fb0063fd8a633289ea4cabbc50634af681e6796d74b96039270691be3
1743741821,0x5aa490f9ce3167fba059a7a3707bdbbb1d3bebae45e58b50f6add63123e95b5b,DSF,WLTH,USDC,1640.727254815869087421,5.952847,4.047674137630749,5.952847,275.620598818660900812,0xc37570809df38b06540e259eda187f7210299d3d,0x5bff7b01720d02504890a689a40e3a9183b1b880f9c392e3182511030e4880e7
1743738719,0x5aa490f9ce3167fba059a7a3707bdbbb1d3bebae45e58b50f6add63123e95b5b,DSF,WLTH,USDC,1246.929482571286541386,4.548347,3.076175033503364,4.548347,274.150033533344430709,0x970f1a3e7e36fa0e421eb816eb68be938332c45d,0x8e500926ee88747b4d0f3558951a31db9208aceae908e48e21938e7f2c18b157
1743733885,0x5aa490f9ce3167fba059a7a3707bdbbb1d3bebae45e58b50f6add63123e95b5b,DSF,WLTH,USDC,1226.918196823298132895,4.472647,3.0268071915630763,4.472647,274.315902154428492321,0xeafc1e8076500fd0b286d575bbeabad0794d3125,0x7071ff63064f483676861d2d194c7f123b896772f93f7a11b2453c1697090a0e
1743728939,0x5aa490f9ce3167fba059a7a3707bdbbb1d3bebae45e58b50f6add63123e95b5b,DSF,WLTH,USDC,1676.87452168314308319,6.09013,4.136849444992314,6.09013,275.342976534678747939,0xc37570809df38b06540e259eda187f7210299d3d,0x67c09c7224ef3f0a913b1a484bde28a9b01948d4799d9f8efe1b9e2f9896cbb3
1743725979,0x5aa490f9ce3167fba059a7a3707bdbbb1d3bebae45e58b50f6add63123e95b5b,DSF,WLTH,USDC,1535.669999918501958951,5.601637,3.7884978897989448,5.601637,274.146646760313451041,0xdb469e1a0afbfee783c266ad7f251b44b1f8279e,0x1ff79eea0a6fac80269f2639ad732a78fc5bb209f65bd9082cb9b0236a484007
1743722495,0x5aa490f9ce3167fba059a7a3707bdbbb1d3bebae45e58b50f6add63123e95b5b,DSF,WLTH,USDC,1363.662515720962380893,4.990561,3.364155426283614,4.990561,273.248341363017580767,0xe0ca2e8451361c1667bcc92f6785d5160790db67,0xe1a64fe1c6ea8a22e6b8dc4035e778537d78cf5b61103a8d561353ddd9b4f1de
1743718271,0x5aa490f9ce3167fba059a7a3707bdbbb1d3bebae45e58b50f6add63123e95b5b,DSF,WLTH,USDC,1524.897825691970256564,5.583951,3.7619229359820903,5.583951,273.085817854055355529,0xcb5d2b58e160162355f4ef79e723008d4fa39825,0x64a3d124147e5f3def603ca7c9f074b98e42946e013c21026d04a4a4e163af76
1743714767,0x5aa490f9ce3167fba059a7a3707bdbbb1d3bebae45e58b50f6add63123e95b5b,DSF,WLTH,USDC,1014.646903915823838779,3.730886,2.5031339119603375,3.730886,271.958699331961319316,0x00425d3bb4b326e00edcb53a7bdbe205847efe26,0xf7ff93deb3ce85c3e5d1b50bb3e5a89e16d515f1c2b7e8a8adea3d1d8004c1d2
1743708573,0x5aa490f9ce3167fba059a7a3707bdbbb1d3bebae45e58b50f6add63123e95b5b,DSF,WLTH,USDC,1763.270364837616081739,6.417783,4.349987990054399,6.417783,274.747582590065148936,0x245fcce2d5d0e365c2777b5984460742ce438e7e,0x7801178bb8bb72e352e25bdb5916dfde502c0888c499aef638423eb60ba74df2
1743705937,0x5aa490f9ce3167fba059a7a3707bdbbb1d3bebae45e58b50f6add63123e95b5b,DSF,WLTH,USDC,1537.644444328231053986,5.612281,3.793368844157746,5.612281,273.978520378475534989,0x36ce57db0eae67bc827afc7ff0d287ca8dcc359f,0x7cc860e8711f89d58bdf257b12a9d55345a837e0a3a11535c655e6ea176a60b2
1743702465,0x5aa490f9ce3167fba059a7a3707bdbbb1d3bebae45e58b50f6add63123e95b5b,DSF,WLTH,USDC,1944.024575733611200205,7.064886,4.795908628334819,7.064886,275.167154251832400438,0xe0ca2e8451361c1667bcc92f6785d5160790db67,0x9947c4f35d1e1f7ae38492ca629f88c512e5561f361d4898f623e39d98b0c7b2
1743700415,0x5aa490f9ce3167fba059a7a3707bdbbb1d3bebae45e58b50f6add63123e95b5b,DSF,WLTH,USDC,2101.831250715649949239,7.664938,5.185217695515508,7.664938,274.213731502544436659,0x72a228bd780cb41ba27bfc729e3cbceec75b9a7f,0x1c514a64a02f4cc02bdc7ae6b8de210c92a3f287d6a8f455cfb2af7dc4f93eaf
1743698855,0x5aa490f9ce3167fba059a7a3707bdbbb1d3bebae45e58b50f6add63123e95b5b,DSF,WLTH,USDC,2313.371752385829001373,8.498446,5.70708811313584,8.498446,272.211149236675622975,0x72a228bd780cb41ba27bfc729e3cbceec75b9a7f,0xe858e236b76ad883fb2047fe964f700597bb090c295814e26f189aa67b2fbc50
1743697907,0x5aa490f9ce3167fba059a7a3707bdbbb1d3bebae45e58b50f6add63123e95b5b,DSF,WLTH,USDC,2136.720081434017066526,7.950646,5.27128844089772,7.950646,268.747983677554888813,0x4830d191aaac7a58ce61739781ec684ccb9d45e5,0xb93d8f3e1480686050e048a032ecba915c5c1e0adbbbebedc05ef738f447a2e5
1743696565,0x5aa490f9ce3167fba059a7a3707bdbbb1d3bebae45e58b50f6add63123e95b5b,DSF,WLTH,USDC,1966.366828465221584362,7.400827,4.851026965823701,7.400827,265.695553816515584591,0xc92be5c1a82da1ab3984a3923dcc5d8576279c7d,0xccdf78c86038a9c7ef03debc05fda55fbd47f1f4f5ed7184ddcf625dedd5b0a0
1743694795,0x5aa490f9ce3167fba059a7a3707bdbbb1d3bebae45e58b50f6add63123e95b5b,DSF,WLTH,USDC,1523.133934273016754555,5.793356,3.7575714158515328,5.793356,262.910467486033441506,0xc37570809df38b06540e259eda187f7210299d3d,0x2d7d39ee93dad02cd7a3b7e5ed5746ba1e96b2691fa50ada09eeeadf3666fab1
1743691523,0x5aa490f9ce3167fba059a7a3707bdbbb1d3bebae45e58b50f6add63123e95b5b,DSF,WLTH,USDC,2069.105633253894449234,7.910613,5.104483597237358,7.910613,261.560720168448949434,0x970f1a3e7e36fa0e421eb816eb68be938332c45d,0x2cfb4c91ab61ca3f6f94f9888785e8eb8c66c8c7d232969438674060ec8543b8
1743690151,0x5aa490f9ce3167fba059a7a3707bdbbb1d3bebae45e58b50f6add63123e95b5b,DSF,WLTH,USDC,1373.031457994872416558,5.323342,3.3872686068733504,5.323342,257.926591602582065281,0x970f1a3e7e36fa0e421eb816eb68be938332c45d,0x0ab5eb325e2be651f0424725a59cc1bd7d16534f5407d803e869d51df6e31bd7
1743686343,0x5aa490f9ce3167fba059a7a3707bdbbb1d3bebae45e58b50f6add63123e95b5b,DSF,WLTH,USDC,552.24563957089393662,2.160196,1.3623899928213952,2.160196,255.646080064445048791,0xc37570809df38b06540e259eda187f7210299d3d,0x3ea590658208750302c0971ca011e665b8b5ec33b047902d5187ca3e613aef7c
1743675703,0x5aa490f9ce3167fba059a7a3707bdbbb1d3bebae45e58b50f6add63123e95b5b,DSF,WLTH,USDC,1169.413130152068563515,4.57578,2.8849421920851532,4.57578,255.565855472087504975,0x36f45c7490a77f101cc12cab11ff3a8738621f1d,0x33da2473db9af4abdad9f03c736af84ccadfaa60ff3a428a601cabb57c2b1e43
1743670909,0x5aa490f9ce3167fba059a7a3707bdbbb1d3bebae45e58b50f6add63123e95b5b,DSF,WLTH,USDC,1248.850848473607536841,4.925027,3.08091504318439,4.925027,253.572386196787862653,0x72a228bd780cb41ba27bfc729e3cbceec75b9a7f,0x0b2532acc657005e3f6e332b2bd43c101ab45942a8c5e5d4f57f3715e91a7d66
1743666599,0x5aa490f9ce3167fba059a7a3707bdbbb1d3bebae45e58b50f6add63123e95b5b,DSF,WLTH,USDC,261.903757018198410151,1.043633,0.6461165685638954,1.043633,250.953886105746378421,0xc37570809df38b06540e259eda187f7210299d3d,0xeb18a2279d0325bf7ac9d5bee0d0de5a996cbd03ff9bbb299499f63f3ae2b614
1743638921,0x5aa490f9ce3167fba059a7a3707bdbbb1d3bebae45e58b50f6add63123e95b5b,DSF,WLTH,USDC,1502.393659237563861346,6.04719,3.7064051573390704,6.04719,248.444923879944877099,0x29384a295cce669b9edcd96e1ad41127e4340caf,0x5a5dca055cfe3d9c6ea22c2fe5779da91e5214fcdae21d29a5667ddedc404ea7
1743635917,0x5aa490f9ce3167fba059a7a3707bdbbb1d3bebae45e58b50f6add63123e95b5b,DSF,WLTH,USDC,335.73061461288720411,1.366002,0.8282474262499928,1.366002,245.776078375351722845,0x86870c1b2872ff8f0beddddd57e869ef99f4966b,0x9822fe6699e8360c3ca20acdca79df282aa78a00c06342a3e75286af23eb1fe5
1743619285,0x5aa490f9ce3167fba059a7a3707bdbbb1d3bebae45e58b50f6add63123e95b5b,DSF,USDC,WLTH,1.030243,248.974458286045169239,1.030243,0.6142199885916735,0.004137946547176981,0x29384a295cce669b9edcd96e1ad41127e4340caf,0xfb99696bfebf9cddadeb2fc6def42e794a7dc4bc7db5c5dcb48cbd459de3a8ed
1743589703,0x5aa490f9ce3167fba059a7a3707bdbbb1d3bebae45e58b50f6add63123e95b5b,DSF,USDC,WLTH,2.121972,517.971204448246101809,2.121972,1.2778349613738231,0.004096698777416342,0x970f1a3e7e36fa0e421eb816eb68be938332c45d,0x3065193948a8e0ddc1191f9bd2c9d65ae5a9957f1dd2fd1a7069914736cf1b1a
1743578889,0x5aa490f9ce3167fba059a7a3707bdbbb1d3bebae45e58b50f6add63123e95b5b,DSF,WLTH,USDC,1641.973779965851207159,6.643505,4.050749315175755,6.643505,247.154744365489482909,0x00425d3bb4b326e00edcb53a7bdbe205847efe26,0x7b8b681460bbb2d304682f8a93a9743501bbaf089baa213e65c6cfba7a2f97e6
1743576465,0x5aa490f9ce3167fba059a7a3707bdbbb1d3bebae45e58b50f6add63123e95b5b,DSF,WLTH,USDC,264.8229071876068972,1.084848,0.6533181120318262,1.084848,244.110610138569548176,0xb492b536e20eabc16857b79d672556773ad7518d,0xf7e13a6c686ef2523f62647a87daf431617786caef767616f85574819c53b1bd
1743552241,0x5aa490f9ce3167fba059a7a3707bdbbb1d3bebae45e58b50f6add63123e95b5b,DSF,USDC,WLTH,7.315137,1767.464553510176353957,7.315137,4.360335053509605,0.004138774373422183,0x72a228bd780cb41ba27bfc729e3cbceec75b9a7f,0x21ac2c68ee4b58753b90a9955f1d3dcf5bd86e694cce7484231015ca6a16750b
1743550401,0x5aa490f9ce3167fba059a7a3707bdbbb1d3bebae45e58b50f6add63123e95b5b,DSF,USDC,WLTH,3.088522,764.280371007740798229,3.088522,1.8854796752760965,0.004041085074483378,0x29384a295cce669b9edcd96e1ad41127e4340caf,0x50f53f2042fc39ecdb1186e22f45075d71ccf6ac4f82cef5216ca89b463ca6e9
1743539743,0x5aa490f9ce3167fba059a7a3707bdbbb1d3bebae45e58b50f6add63123e95b5b,DSF,WLTH,USDC,2263.579930453330189676,9.033541,5.584251688428366,9.033541,250.575043657114102839,0xe0ca2e8451361c1667bcc92f6785d5160790db67,0xc9c6b5b613abbcb57aac35db2e4a3d91fe222cec7236d87593a38f8924bd919d
1743539153,0x5aa490f9ce3167fba059a7a3707bdbbb1d3bebae45e58b50f6add63123e95b5b,DSF,WLTH,USDC,246.388829961750789804,1.000847,0.6078412435156392,1.000847,246.180315234746959129,0x2847dd0cde8d58740e52666e912c015189e11b5e,0xd4cee8b237550d0f9e1a17ba3f13c4ec3e380685e42b9aa5f55ee39f39c2d2e9
1743491005,0x5aa490f9ce3167fba059a7a3707bdbbb1d3bebae45e58b50f6add63123e95b5b,DSF,WLTH,USDC,246.179731569132816072,1.0,0.6073253977810507,1,246.179731569132816072,0x86870c1b2872ff8f0beddddd57e869ef99f4966b,0x40e052ceed025f8872d9f62dfffe3302cfba5f3a83d2390bfe80e32c1cc1de2c
1743294865,0x5aa490f9ce3167fba059a7a3707bdbbb1d3bebae45e58b50f6add63123e95b5b,DSF,USDC,WLTH,7.652917,1861.865021360460061065,7.652917,4.593221007696255,0.004110350058785696,0xe0ca2e8451361c1667bcc92f6785d5160790db67,0xde3385a9459ed843074203d8924a87efaac7db0b810675a8d1c90ab2fcf41460
1743294649,0x5aa490f9ce3167fba059a7a3707bdbbb1d3bebae45e58b50f6add63123e95b5b,DSF,USDC,WLTH,45.131289,11302.473236837930586027,45.131289,27.883201475279172,0.003993045420616831,0x29384a295cce669b9edcd96e1ad41127e4340caf,0xf6cf4057a114196aabeb0884c159f272ac458c47ab04d12c67c146439420bb84
1743281595,0x5aa490f9ce3167fba059a7a3707bdbbb1d3bebae45e58b50f6add63123e95b5b,DSF,WLTH,USDC,713.236338082297722942,2.776224,1.7595540460490284,2.776224,256.90878620828064412,0xcb5d2b58e160162355f4ef79e723008d4fa39825,0x2d2784e1e926270baca70b86b069d9501c257ad1dba7b340476ba71359d5f5af
1743273167,0x5aa490f9ce3167fba059a7a3707bdbbb1d3bebae45e58b50f6add63123e95b5b,DSF,WLTH,USDC,990.56156565315250121,3.855639,2.443715382466327,3.855639,256.912425061877551609,0x29384a295cce669b9edcd96e1ad41127e4340caf,0x68a64b98571da7908df1b5fe486117563da287b32d5130377eb74039707f9cfe
1743267205,0x5aa490f9ce3167fba059a7a3707bdbbb1d3bebae45e58b50f6add63123e95b5b,DSF,WLTH,USDC,353.258242475835426537,1.383312,0.8714880841878859,1.383312,255.37134245624662154,0xeafc1e8076500fd0b286d575bbeabad0794d3125,0x88c8cb163d929b7ebbb21c0b3928a95d4ae9181640888a2f878a30d2fe24914e
1743250813,0x5aa490f9ce3167fba059a7a3707bdbbb1d3bebae45e58b50f6add63123e95b5b,DSF,WLTH,USDC,286.588432631538294335,1.123225,0.707013663302005,1.123225,255.147840042323037979,0x2847dd0cde8d58740e52666e912c015189e11b5e,0x2205dd91c67263d046cd0cb1143de2523878387edbdc7745d80eb275dd79be5f
1743228527,0x5aa490f9ce3167fba059a7a3707bdbbb1d3bebae45e58b50f6add63123e95b5b,DSF,WLTH,USDC,448.947271751962480617,1.757818,1.1075529194120914,1.757818,255.400315477462672823,0x2847dd0cde8d58740e52666e912c015189e11b5e,0xb6dbd3f9863e46350d000df4ffbd6a64be427cdf7f456ea6f2f6d7dc68d11201
1743215675,0x5aa490f9ce3167fba059a7a3707bdbbb1d3bebae45e58b50f6add63123e95b5b,DSF,WLTH,USDC,493.560931495278691582,1.931907,1.2176148179988524,1.931907,255.478618533541568813,0x4830d191aaac7a58ce61739781ec684ccb9d45e5,0x7907ef486e29700bdc70cd3a568c579927efed0871a2b464ecf1cff0a16ca7c5
1743203897,0x5aa490f9ce3167fba059a7a3707bdbbb1d3bebae45e58b50f6add63123e95b5b,DSF,WLTH,USDC,1382.467572379598181754,5.383694,3.4105475010604684,5.383694,256.787917808775569665,0x36f45c7490a77f101cc12cab11ff3a8738621f1d,0xa9ba781cd179e5b86c07ff8ae4cab8bfb7d2d6154e7143b3a0ab7b51e861ac81
1743200161,0x5aa490f9ce3167fba059a7a3707bdbbb1d3bebae45e58b50f6add63123e95b5b,DSF,WLTH,USDC,802.566993187464793581,3.149221,1.9799327721934759,3.149221,254.846196309330083084,0xcb5d2b58e160162355f4ef79e723008d4fa39825,0x61a7ce947bd5381082cd22f5e5d61b2a08e174d5ce016e486127d9f26411ca94
1743192723,0x5aa490f9ce3167fba059a7a3707bdbbb1d3bebae45e58b50f6add63123e95b5b,DSF,WLTH,USDC,1073.808353353668876441,4.216475,2.6490852077235014,4.216475,254.669683409404508847,0xb492b536e20eabc16857b79d672556773ad7518d,0xb58e7582f7a0b5e04cafd8c64d155f771d43da441312f4335787551dce2c1f1c
1743187379,0x5aa490f9ce3167fba059a7a3707bdbbb1d3bebae45e58b50f6add63123e95b5b,DSF,WLTH,USDC,1762.408483749586633488,6.949229,4.34786172941023,6.949229,253.612089017297693526,0x2847dd0cde8d58740e52666e912c015189e11b5e,0x95d75fdecd981c5d793501e840243fd9905e790c9a09e5a976bd23870a7f58bc
1743185229,0x5aa490f9ce3167fba059a7a3707bdbbb1d3bebae45e58b50f6add63123e95b5b,DSF,WLTH,USDC,1909.021829689675248231,7.634211,4.709556853844429,7.634211,250.061444422963322369,0xcb5d2b58e160162355f4ef79e723008d4fa39825,0x1b0fb81510395f389b19b5a27623efa1f1fcfd6c0bb82b26fb8f6b9283a62207
1743183645,0x5aa490f9ce3167fba059a7a3707bdbbb1d3bebae45e58b50f6add63123e95b5b,DSF,WLTH,USDC,2103.353786077701213038,8.620707,5.188973790253688,8.620707,243.988548280054201243,0x29384a295cce669b9edcd96e1ad41127e4340caf,0x43948c2383df31e27ed650c9eaa1c71b96fb32d5abc53ab0db740371bbf643e5
1743182781,0x5aa490f9ce3167fba059a7a3707bdbbb1d3bebae45e58b50f6add63123e95b5b,DSF,USDC,WLTH,1.0,229.522073787568592506,1,0.5662309560339317,0.004356879421216532,0x3b5477cecbc12ada85728cd06cd98c9c87bceae7,0x6ff68a71ea28af4e3d01665f6ddceb6ff79576d7c2afbd4daeddf19a52ebd50c
1743182739,0x5aa490f9ce3167fba059a7a3707bdbbb1d3bebae45e58b50f6add63123e95b5b,DSF,USDC,WLTH,1.0,234.047757469712734018,1,0.5773958176777814,0.00427263226450442,0xb492b536e20eabc16857b79d672556773ad7518d,0x5e39ec6f7d6d24f904144663e7b0c443ea0fa0f1ac49494093c5be95d3dc8685
1743182625,0x5aa490f9ce3167fba059a7a3707bdbbb1d3bebae45e58b50f6add63123e95b5b,DSF,USDC,WLTH,1.0,238.593106267628172517,1,0.5886091931622387,0.004191235931512234,0xe0ca2e8451361c1667bcc92f6785d5160790db67,0xdd962878e56af855f8601f993a11614c2293999be61bb61f93e9a14dc34bfa02
1743182547,0x5aa490f9ce3167fba059a7a3707bdbbb1d3bebae45e58b50f6add63123e95b5b,DSF,USDC,WLTH,1.0,244.117818343776595716,1,0.6022386578540969,0.004096382667945031,0x7e59691f6b72d8cc5c64fb6eb4b00f28117802e8,0x93de23f66822854e31781b9c5527bf16d78c33020518898f683583e15fe6069e
1743182475,0x5aa490f9ce3167fba059a7a3707bdbbb1d3bebae45e58b50f6add63123e95b5b,DSF,USDC,WLTH,11.077493,2785.128595676736824769,11.077493,6.87091224553451,0.003977372182094294,0x72a228bd780cb41ba27bfc729e3cbceec75b9a7f,0x3d266eab544c5cbff4a5cb786fd99dd7fdd8b192e12f77b5bff2cf71d0c6b7f1
1743181319,0x5aa490f9ce3167fba059a7a3707bdbbb1d3bebae45e58b50f6add63123e95b5b,DSF,WLTH,USDC,1263.708731302735009752,4.848695,3.117569440123847,4.848695,260.628629209041816355,0xdb469e1a0afbfee783c266ad7f251b44b1f8279e,0x234069ce29b85c49dd8fafb7479109a1c203da28747d179e65e453f1db480384
1743176907,0x5aa490f9ce3167fba059a7a3707bdbbb1d3bebae45e58b50f6add63123e95b5b,DSF,WLTH,USDC,257.984627239026438759,1.0,0.6364480753986782,1,257.984627239026438759,0xe0ca2e8451361c1667bcc92f6785d5160790db67,0x292159c6bd591d9e7c7d60410deb45d5760fca50982da331638ad7e494edb2d9
1743083185,0x5aa490f9ce3167fba059a7a3707bdbbb1d3bebae45e58b50f6add63123e95b5b,DSF,WLTH,USDC,1026.392739898380148012,4.005703,2.532110889329304,4.005703,256.232860973062692868,0x86870c1b2872ff8f0beddddd57e869ef99f4966b,0x3d5b8c661674652152ee3d43887b72264ab6d967cfc9bd24883bc3529102bbea
1743077489,0x5aa490f9ce3167fba059a7a3707bdbbb1d3bebae45e58b50f6add63123e95b5b,DSF,WLTH,USDC,252.071598911491016889,1.000234,0.6218606345146483,1.000234,252.012627956549184379,0x86870c1b2872ff8f0beddddd57e869ef99f4966b,0xc8dc00a2a11c3ec4c6b27be851793a395f4115340ae4e402172167bb257a9b4f
1743022661,0x5aa490f9ce3167fba059a7a3707bdbbb1d3bebae45e58b50f6add63123e95b5b,DSF,USDC,WLTH,5.551341,1385.155353942288326895,5.551341,3.417178258175625,0.0040077389039434,0x3b5477cecbc12ada85728cd06cd98c9c87bceae7,0x243a85ab994c4c63e0daa22969cf04c92863c3b43b2363cecf5328b97748201b
1743006887,0x5aa490f9ce3167fba059a7a3707bdbbb1d3bebae45e58b50f6add63123e95b5b,DSF,WLTH,USDC,1473.565550239991358682,5.841588,3.635286212442059,5.841588,252.254275762000223001,0x86870c1b2872ff8f0beddddd57e869ef99f4966b,0x32da57a90a8412866fbc7a7748a162ee7e75accbfeee7b810d45a9ac194103c7
1743003667,0x5aa490f9ce3167fba059a7a3707bdbbb1d3bebae45e58b50f6add63123e95b5b,DSF,WLTH,USDC,249.595960771072744771,1.000107,0.6157532352222365,1.000107,249.569256860588661784,0x86870c1b2872ff8f0beddddd57e869ef99f4966b,0x047ca2a99eb9b8ef3696c32ad5cb1c731e1c757b2c5f7257b11a7b4c7668de52
1742944795,0x5aa490f9ce3167fba059a7a3707bdbbb1d3bebae45e58b50f6add63123e95b5b,DSF,USDC,WLTH,138.158142,34138.613255176229302097,138.158142,84.21995890051976,0.004046975809102378,0x36ce57db0eae67bc827afc7ff0d287ca8dcc359f,0x0574b0b2e644b5308dd7bf8f279e83032bb0df36fdc72f0e37f886f74dca3a6a
1742857861,0x5aa490f9ce3167fba059a7a3707bdbbb1d3bebae45e58b50f6add63123e95b5b,DSF,WLTH,USDC,1186.448857864507983715,4.639685,2.9269693323517414,4.639685,255.717545019652839301,0xc92be5c1a82da1ab3984a3923dcc5d8576279c7d,0x16a62f82da30747b58e3694caf3936c069b71540fffc7cba2a81ee2075b7ab4f
1742853159,0x5aa490f9ce3167fba059a7a3707bdbbb1d3bebae45e58b50f6add63123e95b5b,DSF,WLTH,USDC,1479.128723581852043342,5.771257,3.649010561076429,5.771257,256.292298814946560747,0x86870c1b2872ff8f0beddddd57e869ef99f4966b,0x9fcb4da0540b04052068b604e9d219843b9a6c8f0ccd9e1466924caed24ba5a6
1742849863,0x5aa490f9ce3167fba059a7a3707bdbbb1d3bebae45e58b50f6add63123e95b5b,DSF,WLTH,USDC,2043.694056568874032775,8.001688,5.041793237555412,8.001688,255.407866011380852736,0x36ce57db0eae67bc827afc7ff0d287ca8dcc359f,0x9a845f37ff0b8cfd7268664838718e772a6cd1bb8e158c57cfd6403e65ddc250
1742848559,0x5aa490f9ce3167fba059a7a3707bdbbb1d3bebae45e58b50f6add63123e95b5b,DSF,WLTH,USDC,413.432469363173056586,1.643163,1.019937901918948,1.643163,251.60770377812368985,0x245fcce2d5d0e365c2777b5984460742ce438e7e,0xbf7db2bf9626e3dc11322539eeaaff3833ecc87c1b1c5c5c9c42dd2eb6a40968
1742834855,0x5aa490f9ce3167fba059a7a3707bdbbb1d3bebae45e58b50f6add63123e95b5b,DSF,WLTH,USDC,1080.216762587609738126,4.256355,2.664894753303633,4.256355,253.78916058167369454,0x245fcce2d5d0e365c2777b5984460742ce438e7e,0x7e9d923c132c6a89c123f9c520c45230befd70d7e2043e66ecdd86c84d2a0264
1742829575,0x5aa490f9ce3167fba059a7a3707bdbbb1d3bebae45e58b50f6add63123e95b5b,DSF,WLTH,USDC,1139.673394583053808979,4.488732,2.8115742644363935,4.488732,253.896511215874284537,0x36ce57db0eae67bc827afc7ff0d287ca8dcc359f,0xa08b29eab79380a51ce7d922513349a93d751a3c3f114381b1df8356aae7ef14
1742824653,0x5aa490f9ce3167fba059a7a3707bdbbb1d3bebae45e58b50f6add63123e95b5b,DSF,WLTH,USDC,1318.800570452442560252,5.192186,3.253481007306176,5.192186,253.997173917198374683,0xdb469e1a0afbfee783c266ad7f251b44b1f8279e,0x70004e5d79a257afcbc8d77ed307ef68a5bdd3e2c41037af5d19ca371a5aeede
1742820685,0x5aa490f9ce3167fba059a7a3707bdbbb1d3bebae45e58b50f6add63123e95b5b,DSF,WLTH,USDC,1166.427808891950426201,4.607591,2.8775774045364417,4.607591,253.15350448682411833,0x2847dd0cde8d58740e52666e912c015189e11b5e,0x5d94b918e42de10203335cdcba53c4e37fedad3c642e27379e0dcccfc85b5963
1742815937,0x5aa490f9ce3167fba059a7a3707bdbbb1d3bebae45e58b50f6add63123e95b5b,DSF,WLTH,USDC,1623.444948748309400371,6.424046,4.005038688562079,6.424046,252.713780185931016118,0x2847dd0cde8d58740e52666e912c015189e11b5e,0x235cd85e91f42332c3471c466e035f1be5290af4e5a35b1a229c3f4fcbd6a2cf
1742813307,0x5aa490f9ce3167fba059a7a3707bdbbb1d3bebae45e58b50f6add63123e95b5b,DSF,WLTH,USDC,249.930716023321660073,1.001014,0.6165790764295345,1.001014,249.677542994725008913,0x00425d3bb4b326e00edcb53a7bdbe205847efe26,0x454ae1840825aa8eb1e4a47300346f806ff34abd0f0a7b0a02b26b85cd58e788
1742766093,0x5aa490f9ce3167fba059a7a3707bdbbb1d3bebae45e58b50f6add63123e95b5b,DSF,WLTH,USDC,666.822470558900777957,2.659191,1.6450510348688083,2.659191,250.761404712523763038,0xb492b536e20eabc16857b79d672556773ad7518d,0x70744cbde1407284ecc1f26ca159b71ec349040806fe5f1ec7f5b8beb1a66703
1742757311,0x5aa490f9ce3167fba059a7a3707bdbbb1d3bebae45e58b50f6add63123e95b5b,DSF,WLTH,USDC,799.734055138518136854,3.185946,1.9729439140267242,3.185946,251.019337784921067982,0xeafc1e8076500fd0b286d575bbeabad0794d3125,0xd0ec901799bbc28843f890cb3a48cd599544189ef6e8eb468ac76c2efbe9b7f2
1742749961,0x5aa490f9ce3167fba059a7a3707bdbbb1d3bebae45e58b50f6add63123e95b5b,DSF,WLTH,USDC,827.791577056040671479,3.298162,2.042161820597252,3.298162,250.985723883799725871,0xcb5d2b58e160162355f4ef79e723008d4fa39825,0x6f95f79327e710683e0b30119da8dfdea85bd3a4f958a5c89d24ef8a7ab65f76
1742742871,0x5aa490f9ce3167fba059a7a3707bdbbb1d3bebae45e58b50f6add63123e95b5b,DSF,WLTH,USDC,792.992564314275188285,3.159175,1.956312656163317,3.159175,251.012547362610551262,0x5078e91df99490ef44e35ddde3246172d22d29bc,0x2a1a09aea7d3e9cd97a7ab28b2974ec3be44264f5618e273b3c8453fd5e1c5e7
1742735457,0x5aa490f9ce3167fba059a7a3707bdbbb1d3bebae45e58b50f6add63123e95b5b,DSF,WLTH,USDC,1111.448212908676193288,4.409049,2.7419427412457043,4.409049,252.083434071310206189,0xe0ca2e8451361c1667bcc92f6785d5160790db67,0x6845ba6e7bdbc24738133ab6d0d36c2eaea3b4727f689ffe77e13cea034970a2
1742730415,0x5aa490f9ce3167fba059a7a3707bdbbb1d3bebae45e58b50f6add63123e95b5b,DSF,WLTH,USDC,2386.678718483749117518,9.452449,5.887936398499408,9.452449,252.493160077748011919,0x29384a295cce669b9edcd96e1ad41127e4340caf,0x853c649ed9cb6f31d194c61ec3f28a7515913e95aa573e1fa1202c0074a03e61
1742730089,0x5aa490f9ce3167fba059a7a3707bdbbb1d3bebae45e58b50f6add63123e95b5b,DSF,WLTH,USDC,247.799673012861643084,1.0,0.6113217933227296,1,247.799673012861643084,0x00425d3bb4b326e00edcb53a7bdbe205847efe26,0xfa6ac611d24e6f6bc3a44328367adfcf9398d4313f0446d732652cf745bc466c
1742640557,0x5aa490f9ce3167fba059a7a3707bdbbb1d3bebae45e58b50f6add63123e95b5b,DSF,WLTH,USDC,699.553750328249267617,2.810755,1.725799102059791,2.810755,248.884641432017115549,0x245fcce2d5d0e365c2777b5984460742ce438e7e,0x04a7d346f90139e23589f4cb86879fc008198e434f4b0de57d83fe62eba1e421
1742632229,0x5aa490f9ce3167fba059a7a3707bdbbb1d3bebae45e58b50f6add63123e95b5b,DSF,WLTH,USDC,917.606057952722263778,3.687074,2.2637341449693658,3.687074,248.871071736754473541,0x00425d3bb4b326e00edcb53a7bdbe205847efe26,0xb31b4109a7343e8a332e88ad46b9786bf6edc84c1cf277380fa41e9830acb2af
1742625951,0x5aa490f9ce3167fba059a7a3707bdbbb1d3bebae45e58b50f6add63123e95b5b,DSF,WLTH,USDC,251.84608132807369023,1.018107,0.6213042826363578,1.018107,247.367006933528293421,0x29384a295cce669b9edcd96e1ad41127e4340caf,0x8652258011fb1c6bf61bfb24f488b7604432183ae2eb1055dbf75bf5e7d97ac8
1742593705,0x5aa490f9ce3167fba059a7a3707bdbbb1d3bebae45e58b50f6add63123e95b5b,DSF,WLTH,USDC,1645.770640234234446159,6.555103,4.0601161694578565,6.555103,251.067090819813883345,0x29384a295cce669b9edcd96e1ad41127e4340caf,0xa4ea0991905d7be44dcaffce5284f00b5c7bf4bbd3834325c9bb34e455ac26d0
1742591199,0x5aa490f9ce3167fba059a7a3707bdbbb1d3bebae45e58b50f6add63123e95b5b,DSF,WLTH,USDC,1237.59916853305328969,4.972163,3.0531571487710423,4.972163,248.905590692230582482,0x970f1a3e7e36fa0e421eb816eb68be938332c45d,0x904e3201cd414de57f11520406809986718d29c27debc554f07f1801d46fd6ae
1742586951,0x5aa490f9ce3167fba059a7a3707bdbbb1d3bebae45e58b50f6add63123e95b5b,DSF,WLTH,USDC,986.315435151628737036,3.982643,2.433240178519068,3.982643,247.653489190878704678,0xc37570809df38b06540e259eda187f7210299d3d,0xc8680ea4dbee40c6eb52a67376aa45a9e845974be261027d7e4f0120cbad8c56
1742581215,0x5aa490f9ce3167fba059a7a3707bdbbb1d3bebae45e58b50f6add63123e95b5b,DSF,WLTH,USDC,1039.254554131400489383,4.209052,2.563840985042165,4.209052,246.909411936797285798,0x29384a295cce669b9edcd96e1ad41127e4340caf,0xb45a3844fed399aa6966242b9cd1d924cf6339f8d74e3d259c0fc06c6a38abe2
1742575859,0x5aa490f9ce3167fba059a7a3707bdbbb1d3bebae45e58b50f6add63123e95b5b,DSF,WLTH,USDC,300.348111609122590125,1.224867,0.7409587913397054,1.224867,245.208754590598481406,0x2847dd0cde8d58740e52666e912c015189e11b5e,0x7468cd6f7bc54b191fad683269f206bbc1936a3eba23f93ea82f71ba58d41340
1742556697,0x5aa490f9ce3167fba059a7a3707bdbbb1d3bebae45e58b50f6add63123e95b5b,DSF,WLTH,USDC,967.049610411935954138,3.921261,2.385711388886246,3.921261,246.616996525336098295,0xb492b536e20eabc16857b79d672556773ad7518d,0xa3ade76328126bcf13ee598f6d74748f94eadd297e672b1d554f338350fecd11
1742550853,0x5aa490f9ce3167fba059a7a3707bdbbb1d3bebae45e58b50f6add63123e95b5b,DSF,WLTH,USDC,876.027504456320134356,3.560794,2.161159853493742,3.560794,246.020270887987379881,0x5078e91df99490ef44e35ddde3246172d22d29bc,0x399152189b266b371683a6b7f94fa0c1fdd295ca5aeb1bdbdf97853aadef96c0
1742544325,0x5aa490f9ce3167fba059a7a3707bdbbb1d3bebae45e58b50f6add63123e95b5b,DSF,WLTH,USDC,1375.940450865408291336,5.591017,3.3944450922849625,5.591017,246.098420173898289226,0xb492b536e20eabc16857b79d672556773ad7518d,0x284f9e4571d5d51b4320732fa336c768478478213f69b1fade6fc81f116eca7e
1742540829,0x5aa490f9ce3167fba059a7a3707bdbbb1d3bebae45e58b50f6add63123e95b5b,DSF,WLTH,USDC,1272.79229660898880543,5.209981,3.1399785957343753,5.209981,244.298836523394001903,0xb492b536e20eabc16857b79d672556773ad7518d,0x858cc570428f4f17fbd6f78509f917e3851ec00b831667f73a0a9c4c9104b527
1742536883,0x5aa490f9ce3167fba059a7a3707bdbbb1d3bebae45e58b50f6add63123e95b5b,DSF,WLTH,USDC,1089.117611421446850044,4.492764,2.686853147376709,4.492764,242.415940704084801704,0x7e59691f6b72d8cc5c64fb6eb4b00f28117802e8,0x12fd4c5333ea85fe2ae7670286c1da8c845865c7093ff151833d868889fe798e
1742531967,0x5aa490f9ce3167fba059a7a3707bdbbb1d3bebae45e58b50f6add63123e95b5b,DSF,WLTH,USDC,327.553207814840453326,1.362216,0.8080737636792114,1.362216,240.456144851360175864,0x7e59691f6b72d8cc5c64fb6eb4b00f28117802e8,0x2c67ecddebaaf43a316ae73b8b09b7b4f74587222a01f73ce2a03249a4a84d74
1742515281,0x5aa490f9ce3167fba059a7a3707bdbbb1d3bebae45e58b50f6add63123e95b5b,DSF,WLTH,USDC,2182.08591248163555911,9.130016,5.383205946092195,9.130016,239.001324037289262046,0x72a228bd780cb41ba27bfc729e3cbceec75b9a7f,0xf23391b304a5f2f8b6d3a1c3e3ca0789a449ecb325b7da708ad1c7181bd529cd
1742514753,0x5aa490f9ce3167fba059a7a3707bdbbb1d3bebae45e58b50f6add63123e95b5b,DSF,WLTH,USDC,1873.091236504697154346,8.058538,4.620916080457088,8.058538,232.435615058798153504,0x7e59691f6b72d8cc5c64fb6eb4b00f28117802e8,0x42c9355c4e440ab9ebf7bd1cc11cbfe1268069c03504a6373847f318a67307de
1742513491,0x5aa490f9ce3167fba059a7a3707bdbbb1d3bebae45e58b50f6add63123e95b5b,DSF,USDC,WLTH,4.989418,1123.427998903085605785,4.989418,2.7714968732939123,0.004441244125009937,0x00425d3bb4b326e00edcb53a7bdbe205847efe26,0xac676354f124bb2d5581a0f1c407d917317f67ed12c50f0cd2e8ec2a430d4d97
1742513299,0x5aa490f9ce3167fba059a7a3707bdbbb1d3bebae45e58b50f6add63123e95b5b,DSF,USDC,WLTH,94.953127,22009.848050121803521316,94.953127,54.29829513965049,0.004314120060427883,0x245fcce2d5d0e365c2777b5984460742ce438e7e,0x9f06c697d8e799a07f4c5afdf2ee39d3fd8bdfccc21db9c08f5aba97cfcb41e8
1742505489,0x5aa490f9ce3167fba059a7a3707bdbbb1d3bebae45e58b50f6add63123e95b5b,DSF,WLTH,USDC,756.148275794095891307,3.166671,1.8654177963840346,3.166671,238.78333928409231376,0xc92be5c1a82da1ab3984a3923dcc5d8576279c7d,0x64a652d65e9ed54ee08a61931fe74ecfbb8d002b19f577024f54684c915b75f3
1742498093,0x5aa490f9ce3167fba059a7a3707bdbbb1d3bebae45e58b50f6add63123e95b5b,DSF,WLTH,USDC,778.047973113220996536,3.263034,1.9194443496703162,3.263034,238.443109423077110608,0x29384a295cce669b9edcd96e1ad41127e4340caf,0xc6d3ee3c12b6f188cd38781aa5166710c98205603b61d95dba576435d27527b4
1742490923,0x5aa490f9ce3167fba059a7a3707bdbbb1d3bebae45e58b50f6add63123e95b5b,DSF,WLTH,USDC,241.467199273611224559,1.017823,0.5956995806079989,1.017823,237.238890527735396585,0xcb5d2b58e160162355f4ef79e723008d4fa39825,0x887ca55f4a0fc70534eb5ed5e2b6978bb44f30c07cdf88ae77abace570602b8c
1742458595,0x5aa490f9ce3167fba059a7a3707bdbbb1d3bebae45e58b50f6add63123e95b5b,DSF,WLTH,USDC,1704.272803265336343019,7.076574,4.2044410056555845,7.076574,240.833036334437588445,0x72a228bd780cb41ba27bfc729e3cbceec75b9a7f,0xaac8c17a78a902bce1c12a5c3979ff555f6f609ea0cbd432ad036c0067769e00
1742456555,0x5aa490f9ce3167fba059a7a3707bdbbb1d3bebae45e58b50f6add63123e95b5b,DSF,WLTH,USDC,645.740327264894845617,2.712419,1.5930413873624956,2.712419,238.068059272883299231,0x36f45c7490a77f101cc12cab11ff3a8738621f1d,0x75ad877155599a69d0b966a2f5f21c3a822af9f04dc85a52ca3fcb02e272445b
1742447937,0x5aa490f9ce3167fba059a7a3707bdbbb1d3bebae45e58b50f6add63123e95b5b,DSF,WLTH,USDC,1416.183582428333603278,5.907284,3.4937248978506994,5.907284,239.735144345241163837,0xb492b536e20eabc16857b79d672556773ad7518d,0xdda60a81239460ffc31e489cde9a8224cea2921ccc80fc69624939e737d3d560
1742444787,0x5aa490f9ce3167fba059a7a3707bdbbb1d3bebae45e58b50f6add63123e95b5b,DSF,WLTH,USDC,823.393060539446675807,3.459318,2.0313106803508147,3.459318,238.021789421916885295,0x245fcce2d5d0e365c2777b5984460742ce438e7e,0x4e7966f010b6d8132321fc42cb9a3af017737494f262e1b3a3fb629023231d76
1742438049,0x5aa490f9ce3167fba059a7a3707bdbbb1d3bebae45e58b50f6add63123e95b5b,DSF,WLTH,USDC,1437.379798338226401288,6.014257,3.546015962500405,6.014257,238.995406803903857332,0x36ce57db0eae67bc827afc7ff0d287ca8dcc359f,0x94210d024fb784dcca080d05eabc3bc3061c706bbf1db8218514dd48ba6e7246
1742435011,0x5aa490f9ce3167fba059a7a3707bdbbb1d3bebae45e58b50f6add63123e95b5b,DSF,WLTH,USDC,828.163410300779887608,3.491729,2.043079133212024,3.491729,237.178604153065683965,0x36f45c7490a77f101cc12cab11ff3a8738621f1d,0x006308489b17a632e2766525f1669974590bf4e822fbc23a241c924cfdb78e55
1742428341,0x5aa490f9ce3167fba059a7a3707bdbbb1d3bebae45e58b50f6add63123e95b5b,DSF,WLTH,USDC,1245.200822583045996424,5.232739,3.0719104293123745,5.232739,237.963487684565577687,0x970f1a3e7e36fa0e421eb816eb68be938332c45d,0xb3a4ac44e06bdae0d85f1c24f077d9e55de1c398476a0176f294745cbbff0270
1742424423,0x5aa490f9ce3167fba059a7a3707bdbbb1d3bebae45e58b50f6add63123e95b5b,DSF,WLTH,USDC,891.836578414676219543,3.761554,2.200160838949006,3.761554,237.092589502816181701,0x2847dd0cde8d58740e52666e912c015189e11b5e,0xe0042498f7493db7157a0f5004fa033b551438c97046fb826569af0b47d67bf6
1742418287,0x5aa490f9ce3167fba059a7a3707bdbbb1d3bebae45e58b50f6add63123e95b5b,DSF,WLTH,USDC,2201.394620620796643755,9.211824,5.430840529071505,9.211824,238.974889296712208543,0x72a228bd780cb41ba27bfc729e3cbceec75b9a7f,0x420824b3859b7bebe89353f27375e27012708e7001e15bc5a7c6ae9af10574e6
1742417811,0x5aa490f9ce3167fba059a7a3707bdbbb1d3bebae45e58b50f6add63123e95b5b,DSF,WLTH,USDC,1015.002026958036398188,4.32094,2.5040100005054757,4.32094,234.903059741175854834,0x4830d191aaac7a58ce61739781ec684ccb9d45e5,0x6090cd53d0eb473fb8501b94fc818b0ed7df583fa27e0de6cf4697ab00d623a7
1742412633,0x5aa490f9ce3167fba059a7a3707bdbbb1d3bebae45e58b50f6add63123e95b5b,DSF,WLTH,USDC,1741.027393333902368989,7.395899,4.295114579354737,7.395899,235.404430662709478454,0x3b5477cecbc12ada85728cd06cd98c9c87bceae7,0xc36b01dd580bf2c9b9e33c0155e82e3ee0b7dae4dc68730e7c5324827ec66a0b
1742410859,0x5aa490f9ce3167fba059a7a3707bdbbb1d3bebae45e58b50f6add63123e95b5b,DSF,WLTH,USDC,2179.022942760742166342,9.358582,5.375649599790751,9.358582,232.836870239609180786,0x4830d191aaac7a58ce61739781ec684ccb9d45e5,0xcfa8a6f284ca35b2f8b02642a9967fb92de1ba58d98f42ce824d6eef15631fc9
1742410475,0x5aa490f9ce3167fba059a7a3707bdbbb1d3bebae45e58b50f6add63123e95b5b,DSF,WLTH,USDC,2044.452086571577016109,8.941268,5.04366329757208,8.941268,228.653484782200580064,0x72a228bd780cb41ba27bfc729e3cbceec75b9a7f,0xf926a9fb023e74e0134f8b1a9c517f6885863e4a355c076ee3c96c53f4f178cd
1742409825,0x5aa490f9ce3167fba059a7a3707bdbbb1d3bebae45e58b50f6add63123e95b5b,DSF,WLTH,USDC,2145.296814726180215387,9.643356,5.292447241929487,9.643356,222.463716441265905291,0x72a228bd780cb41ba27bfc729e3cbceec75b9a7f,0x012bb40aef953920e72ead0f968686094c0e1b4fb6f78cd2a32e1bc9cc3635c3
1742409615,0x5aa490f9ce3167fba059a7a3707bdbbb1d3bebae45e58b50f6add63123e95b5b,DSF,WLTH,USDC,218.275040173866446258,1.000017,0.5384845241089286,1.000017,218.271329561263904771,0x36f45c7490a77f101cc12cab11ff3a8738621f1d,0xeafde2f8b0f0081c9d4206cf425e391574be39c7223bff737431ea5af05f70f5
1742341249,0x5aa490f9ce3167fba059a7a3707bdbbb1d3bebae45e58b50f6add63123e95b5b,DSF,USDC,WLTH,1.756944,379.693430664490053832,1.756944,0.9367036934492969,0.004627269944926951,0xdb469e1a0afbfee783c266ad7f251b44b1f8279e,0x80de63353e7a4a1e85205f600356ea73677eddd506f66772c450a2ca497ab004
1742328391,0x5aa490f9ce3167fba059a7a3707bdbbb1d3bebae45e58b50f6add63123e95b5b,DSF,WLTH,USDC,225.094507155517194031,1.029528,0.5553081491526609,1.029528,218.638548107013305156,0x86870c1b2872ff8f0beddddd57e869ef99f4966b,0xe41b2b82b7f6766b37cbda682c351902eabbd263d6568d505d9111645b9871ce
1742298685,0x5aa490f9ce3167fba059a7a3707bdbbb1d3bebae45e58b50f6add63123e95b5b,DSF,WLTH,USDC,755.816896298383967032,3.438571,1.8646002831681132,3.438571,219.805522787920902907,0x7e59691f6b72d8cc5c64fb6eb4b00f28117802e8,0xc0d7f2e512680ae5c9ebdde3965078bb0fbf049459bcdf548c94c0027b790e47
1742291903,0x5aa490f9ce3167fba059a7a3707bdbbb1d3bebae45e58b50f6add63123e95b5b,DSF,WLTH,USDC,219.753319774708679856,1.005171,0.5421314398842063,1.005171,218.622821166456931065,0x245fcce2d5d0e365c2777b5984460742ce438e7e,0xef77d654e0cac9865bfcc7cc00974b6b632131bafb6370219b97e2e5b6deb4c7
1742253149,0x5aa490f9ce3167fba059a7a3707bdbbb1d3bebae45e58b50f6add63123e95b5b,DSF,USDC,WLTH,2.406917,516.496585878636065597,2.406917,1.2741970773625952,0.004660083078585084,0x2847dd0cde8d58740e52666e912c015189e11b5e,0x0bcea4e6647a94a350c406177fe4f0b76e30c2c5635cd0868dc7e5eade429662
1742247045,0x5aa490f9ce3167fba059a7a3707bdbbb1d3bebae45e58b50f6add63123e95b5b,DSF,USDC,WLTH,192.094779,41890.612869118394367399,192.094779,103.34414194811507,0.004585628279065154,0x245fcce2d5d0e365c2777b5984460742ce438e7e,0xfbc07986e15120a7a37e983740f1a21c6b79e3930d447eb6307cbd08c143185e
1742239449,0x5aa490f9ce3167fba059a7a3707bdbbb1d3bebae45e58b50f6add63123e95b5b,DSF,WLTH,USDC,1038.404214452912019854,4.582672,2.561743197055334,4.582672,226.593614915689366346,0xc92be5c1a82da1ab3984a3923dcc5d8576279c7d,0xd7dac4101944e99fe47e32b46a135f53e0abddc2e143b92fca50b67d49da60bd
1742234665,0x5aa490f9ce3167fba059a7a3707bdbbb1d3bebae45e58b50f6add63123e95b5b,DSF,WLTH,USDC,1074.912481410446712963,4.736251,2.651809091639572,4.736251,226.954289671397633479,0x29384a295cce669b9edcd96e1ad41127e4340caf,0x2a886dbaecd3bf7f615ee88912a4887e9427a1d1a4f13692864c510d8cedccb3
1742230099,0x5aa490f9ce3167fba059a7a3707bdbbb1d3bebae45e58b50f6add63123e95b5b,DSF,WLTH,USDC,1309.056499379564866398,5.74926,3.2294423839693867,5.74926,227.6913027728029114,0x36f45c7490a77f101cc12cab11ff3a8738621f1d,0xeb50c775a9873f4138cd2f31f4224e61f07db53f63c34ce1a0f49bf3957a86f5
1742226779,0x5aa490f9ce3167fba059a7a3707bdbbb1d3bebae45e58b50f6add63123e95b5b,DSF,WLTH,USDC,1213.374094308919202602,5.336682,2.9933938906601036,5.336682,227.364885955153258635,0x36f45c7490a77f101cc12cab11ff3a8738621f1d,0x0214cb1229d77c70d4b2ece13ffeab39e01250eca73920c04eb1e3498c3f7d52
1742222987,0x5aa490f9ce3167fba059a7a3707bdbbb1d3bebae45e58b50f6add63123e95b5b,DSF,WLTH,USDC,2180.479472801481891706,9.573741,5.379242859401256,9.573741,227.756262969875818836,0x3b5477cecbc12ada85728cd06cd98c9c87bceae7,0x8383fe21fc08ca05050538e82862aa217badd7b5e6f51fb8e227323ffa7c96e1
1742222735,0x5aa490f9ce3167fba059a7a3707bdbbb1d3bebae45e58b50f6add63123e95b5b,DSF,WLTH,USDC,553.626166667237065751,2.476465,1.3657957531680738,2.476465,223.555013564591894394,0xc37570809df38b06540e259eda187f7210299d3d,0x48f7f76ec76b8f9bb9685d2b42b100267e602b6ce6cd6706e7611eeb920fa3f9
1742213347,0x5aa490f9ce3167fba059a7a3707bdbbb1d3bebae45e58b50f6add63123e95b5b,DSF,WLTH,USDC,1095.747032459434197187,4.857597,2.7032079290774242,4.857597,225.573886112708443534,0x7e59691f6b72d8cc5c64fb6eb4b00f28117802e8,0xed0a2ba30489e7926db1fe321763f3233cc346fb52d9958561dc9594f1732046
1742208947,0x5aa490f9ce3167fba059a7a3707bdbbb1d3bebae45e58b50f6add63123e95b5b,DSF,WLTH,USDC,1249.181438365582106603,5.534791,3.081730608447891,5.534791,225.696225632653899054,0x86870c1b2872ff8f0beddddd57e869ef99f4966b,0xe89aad1c32e920f01d421d8e779bb551692b9af67e5d80142a80ca3b3c077db7
1742205387,0x5aa490f9ce3167fba059a7a3707bdbbb1d3bebae45e58b50f6add63123e95b5b,DSF,WLTH,USDC,1053.895843238142479999,4.684813,2.599961045268498,4.684813,224.960066333094294265,0x36f45c7490a77f101cc12cab11ff3a8738621f1d,0x637e5075ae2ac4f758bbed5b253e40e986d1f251d6910d011c1dfe03e5ee5081
1742200749,0x5aa490f9ce3167fba059a7a3707bdbbb1d3bebae45e58b50f6add63123e95b5b,DSF,WLTH,USDC,1360.283833910103935368,6.041363,3.3558202182562265,6.041363,225.161744776816744063,0x00425d3bb4b326e00edcb53a7bdbe205847efe26,0xd569472e2496061060b54a4afc2543c00c6a4a2bc5a27aa7516077da4a4220f2
1742197739,0x5aa490f9ce3167fba059a7a3707bdbbb1d3bebae45e58b50f6add63123e95b5b,DSF,WLTH,USDC,1010.054558398807438443,4.517058,2.491804595569858,4.517058,223.608941571883167859,0x7e59691f6b72d8cc5c64fb6eb4b00f28117802e8,0x75dc6ffa0043979176ce7c7f3fccfcb483e1834341e3cf33c7a09988e8731bd1
1742192859,0x5aa490f9ce3167fba059a7a3707bdbbb1d3bebae45e58b50f6add63123e95b5b,DSF,WLTH,USDC,766.830314394670721451,3.44233,1.8917703856116528,3.44233,222.764904699628077915,0xc37570809df38b06540e259eda187f7210299d3d,0xfc309f61bec4e5eb65aba1cfe1ed1977f508c9894e8f50af520508d26451ac2b
1742186085,0x5aa490f9ce3167fba059a7a3707bdbbb1d3bebae45e58b50f6add63123e95b5b,DSF,WLTH,USDC,623.94371272394133551,2.803795,1.5392691392899631,2.803795,222.535425280357991761,0xe0ca2e8451361c1667bcc92f6785d5160790db67,0x453eb36775a9c4e7e562bc235e5fd01bc5346b9b6d72732436d4e6c3afe2447d
1742177737,0x5aa490f9ce3167fba059a7a3707bdbbb1d3bebae45e58b50f6add63123e95b5b,DSF,WLTH,USDC,1021.614329545241334334,4.566155,2.5203225509881104,4.566155,223.736235310724523003,0xc92be5c1a82da1ab3984a3923dcc5d8576279c7d,0x3b4e5bfdd4795a4edeb959caad0eab4124355ba6008a1bbd65fed9cf35375d5c
1742172929,0x5aa490f9ce3167fba059a7a3707bdbbb1d3bebae45e58b50f6add63123e95b5b,DSF,WLTH,USDC,986.496295236401013841,4.412989,2.4336863603482013,4.412989,223.543792027671270841,0xc92be5c1a82da1ab3984a3923dcc5d8576279c7d,0x2b92a2708bf1408c45e65d1d740ab5cdfe3f1564d29624ac452b3245d249b6bb
1742167893,0x5aa490f9ce3167fba059a7a3707bdbbb1d3bebae45e58b50f6add63123e95b5b,DSF,WLTH,USDC,1047.777665059809706038,4.684813,2.584867499702551,4.684813,223.654106377311048709,0xc92be5c1a82da1ab3984a3923dcc5d8576279c7d,0x9588f709da2f5ae410e02cea47cef4ad471a9487054d409c417112b80d8422b5
1742163255,0x5aa490f9ce3167fba059a7a3707bdbbb1d3bebae45e58b50f6add63123e95b5b,DSF,WLTH,USDC,1105.409318947795341266,4.941688,2.727044789844211,4.941688,223.690633432907002883,0x29384a295cce669b9edcd96e1ad41127e4340caf,0x7c95ea63290a69cd401ed6c98fa1203c54447de803b65ceb0fc69847d9c32396
1742158967,0x5aa490f9ce3167fba059a7a3707bdbbb1d3bebae45e58b50f6add63123e95b5b,DSF,WLTH,USDC,1287.171753377301747346,5.756581,3.175452715581803,5.756581,223.600042000156298911,0xc92be5c1a82da1ab3984a3923dcc5d8576279c7d,0x6bb2e1e94ce9638cf205a868bfb8d6368bae10f2bbc187d7d25af4a373603461
1742155655,0x5aa490f9ce3167fba059a7a3707bdbbb1d3bebae45e58b50f6add63123e95b5b,DSF,WLTH,USDC,864.877131071211807628,3.88882,2.1336518823526793,3.88882,222.400916234542048134,0x5078e91df99490ef44e35ddde3246172d22d29bc,0xafe143994f4a484c39ed944d869173754f7dcf2e5aa22cc50280b48569cd47c6
1742149753,0x5aa490f9ce3167fba059a7a3707bdbbb1d3bebae45e58b50f6add63123e95b5b,DSF,WLTH,USDC,2162.696359601521500005,9.676704,5.3353719191369535,9.676704,223.495144586578394875,0x2847dd0cde8d58740e52666e912c015189e11b5e,0x12d856a231c160abdf2d77d9ec08b106f59dd744eaaf362eb50beb69dbd7a97f
1742149563,0x5aa490f9ce3167fba059a7a3707bdbbb1d3bebae45e58b50f6add63123e95b5b,DSF,WLTH,USDC,282.02167311296946167,1.286166,0.6957474675696956,1.286166,219.273152231492250354,0xeafc1e8076500fd0b286d575bbeabad0794d3125,0x3aca3b3cefdbb173e1ea1342fadb0c539f8514064701ebb6fe54fec17cad299a
1742131653,0x5aa490f9ce3167fba059a7a3707bdbbb1d3bebae45e58b50f6add63123e95b5b,DSF,WLTH,USDC,848.521204113409404337,3.840285,2.093301810547781,3.840285,220.952664740614148256,0x86870c1b2872ff8f0beddddd57e869ef99f4966b,0x492b640e83f3b79f3c7ad0e55345e020e1dad41fbf79e782956575a203d85c91
1742125663,0x5aa490f9ce3167fba059a7a3707bdbbb1d3bebae45e58b50f6add63123e95b5b,DSF,WLTH,USDC,1030.767789665561067572,4.66359,2.5429041371049395,4.66359,221.02453038658223977,0x3b5477cecbc12ada85728cd06cd98c9c87bceae7,0x09533d5ad4836728cd7fd16c73a5b7be395f14787ed2247387fd49055a429b75
1742120995,0x5aa490f9ce3167fba059a7a3707bdbbb1d3bebae45e58b50f6add63123e95b5b,DSF,WLTH,USDC,1002.416942319693921677,4.553817,2.472962596702685,4.553817,220.126751320857628156,0x245fcce2d5d0e365c2777b5984460742ce438e7e,0x572b622c94bd5976a59063759c2c975c372f6f33c899e451e8123d9a83010f45
1742116169,0x5aa490f9ce3167fba059a7a3707bdbbb1d3bebae45e58b50f6add63123e95b5b,DSF,WLTH,USDC,241.330875156947465264,1.104864,0.5953632690121894,1.104864,218.425865225898812219,0xe0ca2e8451361c1667bcc92f6785d5160790db67,0x074fa731bee71cfb0b4209c1b2f49973354da0cc2c7bd1653f9ba9a8ac5bbbb9
1742093045,0x5aa490f9ce3167fba059a7a3707bdbbb1d3bebae45e58b50f6add63123e95b5b,DSF,WLTH,USDC,869.118491853668834847,3.944981,2.144115319403001,3.944981,220.309930986655914146,0x36f45c7490a77f101cc12cab11ff3a8738621f1d,0xbd8fe801dba4a5b73e104660ad520dcae599005f91dceae472a9d190e593eae5
1742087243,0x5aa490f9ce3167fba059a7a3707bdbbb1d3bebae45e58b50f6add63123e95b5b,DSF,WLTH,USDC,1129.320085927940300861,5.123341,2.7860326519842284,5.123341,220.426492386109045027,0x970f1a3e7e36fa0e421eb816eb68be938332c45d,0x02013b6f5afceed357adbaecaf59026057b0a74e08850d29e95a73e92b97c9c2
1742083189,0x5aa490f9ce3167fba059a7a3707bdbbb1d3bebae45e58b50f6add63123e95b5b,DSF,WLTH,USDC,769.047926075325168298,3.508094,1.8972412336278273,3.508094,219.221014623703118644,0x5078e91df99490ef44e35ddde3246172d22d29bc,0x8c28b306165e2bd2d5064528ccf030eb9b71af82a7ba13e6eaffd01612954021
1742076553,0x5aa490f9ce3167fba059a7a3707bdbbb1d3bebae45e58b50f6add63123e95b5b,DSF,WLTH,USDC,827.013305586655913918,3.772209,2.0402418248822802,3.772209,219.23846361287402525,0x72a228bd780cb41ba27bfc729e3cbceec75b9a7f,0x1d3ad5cc9e92fd9ea1778cd52cc87be44d53d1b21ff692e597ea08c58705a5db
1742070437,0x5aa490f9ce3167fba059a7a3707bdbbb1d3bebae45e58b50f6add63123e95b5b,DSF,WLTH,USDC,1095.501669023139935639,4.995173,2.7026026174800863,4.995173,219.312057665097872614,0x5078e91df99490ef44e35ddde3246172d22d29bc,0x2bf370c0773e84733bc865d5a2efd470ad05a04c499fcaba2bc1d813448415c1
1742066219,0x5aa490f9ce3167fba059a7a3707bdbbb1d3bebae45e58b50f6add63123e95b5b,DSF,WLTH,USDC,618.423228896214926034,2.836032,1.5256501056869622,2.836032,218.059326868037781673,0xb492b536e20eabc16857b79d672556773ad7518d,0xf4b9c54b65adb7a8d182fcce94051d9bc1b362f2f6848249acfb7572e924c591
1742057963,0x5aa490f9ce3167fba059a7a3707bdbbb1d3bebae45e58b50f6add63123e95b5b,DSF,WLTH,USDC,1220.108280650904272707,5.564575,3.010007128365781,5.564575,219.26351619861431874,0x245fcce2d5d0e365c2777b5984460742ce438e7e,0x11ad98e4fdb6da1a52c25b666c6f2d186be2e8531e38602113ebbbf30cd58cf0
1742054437,0x5aa490f9ce3167fba059a7a3707bdbbb1d3bebae45e58b50f6add63123e95b5b,DSF,WLTH,USDC,1132.352216995681649999,5.192186,2.7935129193283466,5.192186,218.087760530089185941,0xb492b536e20eabc16857b79d672556773ad7518d,0xe21ecf2438cc970e87776d9b41825665363b73dc9a02b54a699d60c42a44467f
1742050469,0x5aa490f9ce3167fba059a7a3707bdbbb1d3bebae45e58b50f6add63123e95b5b,DSF,WLTH,USDC,790.223363546311905822,3.643964,1.9494810378687515,3.643964,216.858169714715048178,0x970f1a3e7e36fa0e421eb816eb68be938332c45d,0x4e2651ca08f9f8915b8a49a2cdba46334173f34390a954c04992ffeec24b2ef9
1742044107,0x5aa490f9ce3167fba059a7a3707bdbbb1d3bebae45e58b50f6add63123e95b5b,DSF,WLTH,USDC,1017.731087471561052673,4.689072,2.510742592792341,4.689072,217.043177727183769554,0x4830d191aaac7a58ce61739781ec684ccb9d45e5,0x7dd39276d9256ebd9c4b32bf636062fc904d7c6c0c5008b49876410bc2ac3e73
1742039475,0x5aa490f9ce3167fba059a7a3707bdbbb1d3bebae45e58b50f6add63123e95b5b,DSF,WLTH,USDC,1678.303038341881262521,7.744978,4.140373595589422,7.744978,216.695649534689609514,0x4830d191aaac7a58ce61739781ec684ccb9d45e5,0xd72db2a48d03aaac35886186b1612156c808314650498a6cad9e7e7fafe778df
1742037977,0x5aa490f9ce3167fba059a7a3707bdbbb1d3bebae45e58b50f6add63123e95b5b,DSF,WLTH,USDC,1487.258505483604789953,6.956106,3.669066733028053,6.956106,213.806187755563930445,0xc92be5c1a82da1ab3984a3923dcc5d8576279c7d,0x8f75c53adb2ecdf1dc4f321bb173d5a9746400edf6209ea3d598d19434bf7172
1742035833,0x5aa490f9ce3167fba059a7a3707bdbbb1d3bebae45e58b50f6add63123e95b5b,DSF,WLTH,USDC,1427.562418095185147239,6.762087,3.521796485440822,6.762087,211.112696138808203331,0xc92be5c1a82da1ab3984a3923dcc5d8576279c7d,0xab64bc998e2d8c29a9acdc68f464211dd765d1fc39ec94ef7ebe30bb0573c9f1
1742033517,0x5aa490f9ce3167fba059a7a3707bdbbb1d3bebae45e58b50f6add63123e95b5b,DSF,WLTH,USDC,208.140637442203674688,1.0,0.5134829525699165,1,208.140637442203674688,0x29384a295cce669b9edcd96e1ad41127e4340caf,0x9139d5ad2554fdbe84111d13f124a1cec7d86c338737483fa11d64272fdf984d
1741917547,0x5aa490f9ce3167fba059a7a3707bdbbb1d3bebae45e58b50f6add63123e95b5b,DSF,WLTH,USDC,767.305778220001550448,3.701599,1.892943354868744,3.701599,207.290357010578820247,0x72a228bd780cb41ba27bfc729e3cbceec75b9a7f,0xc4611537a5b8e551dd2e3b6dcf92cd33c74020fe0e748ed5168ec2594dea9ed8
1741911297,0x5aa490f9ce3167fba059a7a3707bdbbb1d3bebae45e58b50f6add63123e95b5b,DSF,WLTH,USDC,324.023470587691898687,1.583458,0.7993659019398359,1.583458,204.630290533561293502,0xc92be5c1a82da1ab3984a3923dcc5d8576279c7d,0x873d993adac75250e6656dde12dec63e6ff7f37c4c7f35191dfe6a27a1ebf37f
1741897087,0x5aa490f9ce3167fba059a7a3707bdbbb1d3bebae45e58b50f6add63123e95b5b,DSF,WLTH,USDC,202.341789786423659014,1.0,0.4991771954031071,1,202.341789786423659014,0x86870c1b2872ff8f0beddddd57e869ef99f4966b,0xe2baefd564e79245d3de473274ea33695912b6a44b9052ae34c563d2250f7f72
1741738161,0x5aa490f9ce3167fba059a7a3707bdbbb1d3bebae45e58b50f6add63123e95b5b,DSF,USDC,WLTH,19.68172,3943.004335956956710483,19.68172,9.727391696805812,0.004991554237087415,0x72a228bd780cb41ba27bfc729e3cbceec75b9a7f,0x81bacd87190bb1a45063d7bf625a1d1ef071a78657deda05918453761ee6f105
1741735359,0x5aa490f9ce3167fba059a7a3707bdbbb1d3bebae45e58b50f6add63123e95b5b,DSF,USDC,WLTH,213.225656,43215.28714561607085541,213.225656,106.61211338823485,0.004934033072174795,0x245fcce2d5d0e365c2777b5984460742ce438e7e,0x5646e689bb406c3de906e4ef8fb793cf77e1c4f1fedf2ec1cfe108380186297c
1741693761,0x5aa490f9ce3167fba059a7a3707bdbbb1d3bebae45e58b50f6add63123e95b5b,DSF,WLTH,USDC,1347.144030299936665981,6.36381,3.323404322749944,6.36381,211.688285838190748306,0xdb469e1a0afbfee783c266ad7f251b44b1f8279e,0xe14b1217e926d74d2e0514c33f0ee4c0e06c4b85e731c7cd87ff416a2ce4be8f
1741691073,0x5aa490f9ce3167fba059a7a3707bdbbb1d3bebae45e58b50f6add63123e95b5b,DSF,WLTH,USDC,1197.885076684401567248,5.678467,2.9551824841804186,5.678467,210.952194788558525962,0x36ce57db0eae67bc827afc7ff0d287ca8dcc359f,0x398324d59f3584e1079e9b26543f73b3a63fe719b23b9f372cb6abb23a147e74
1741687675,0x5aa490f9ce3167fba059a7a3707bdbbb1d3bebae45e58b50f6add63123e95b5b,DSF,WLTH,USDC,1277.31951277178070367,6.05497,3.151147238007983,6.05497,210.953896183099289289,0xc92be5c1a82da1ab3984a3923dcc5d8576279c7d,0x2267c46c24e3c5b74dc6c426450b0ceb2999ade14cc85f1f0ffabd950c3310d9
1741684679,0x5aa490f9ce3167fba059a7a3707bdbbb1d3bebae45e58b50f6add63123e95b5b,DSF,WLTH,USDC,1276.375432706260690816,6.064713,3.148818192486345,6.064713,210.459329684069252875,0x00425d3bb4b326e00edcb53a7bdbe205847efe26,0x85412c4507d3b1b91ea4eeb6285f9f8a4c99bee00c998319dd19b07321b91784
1741681693,0x5aa490f9ce3167fba059a7a3707bdbbb1d3bebae45e58b50f6add63123e95b5b,DSF,WLTH,USDC,1041.174786925598658489,4.964522,2.568578199345452,4.964522,209.723068389182011579,0x7e59691f6b72d8cc5c64fb6eb4b00f28117802e8,0x68ec1abed15a3de7e1b71104e398d54a90d6b093bdb1c3b641f6a18554c92d60
1741677435,0x5aa490f9ce3167fba059a7a3707bdbbb1d3bebae45e58b50f6add63123e95b5b,DSF,WLTH,USDC,1194.821925591210002727,5.678467,2.9476256904335147,5.678467,210.412762034402947613,0xdb469e1a0afbfee783c266ad7f251b44b1f8279e,0x84ea3481200197e6e416b5929333b1ee1a5ae788c232f492bc443f4ef6d89d62
1741674037,0x5aa490f9ce3167fba059a7a3707bdbbb1d3bebae45e58b50f6add63123e95b5b,DSF,WLTH,USDC,1245.529898355761026628,5.914849,3.0727222592436627,5.914849,210.576787058428884089,0x4830d191aaac7a58ce61739781ec684ccb9d45e5,0x2167cf59660895c9f4f04c524d340cd5307cb4bf88d69d385a0ac5d5c97db65e
1741670895,0x5aa490f9ce3167fba059a7a3707bdbbb1d3bebae45e58b50f6add63123e95b5b,DSF,WLTH,USDC,1277.335907939357426082,6.064713,3.151187684886395,6.064713,210.617700778150165734,0x36ce57db0eae67bc827afc7ff0d287ca8dcc359f,0xb77c19b3a8d37beac033555f9dab12febdd13b97a0676e998963de5435a5dc08
1741667909,0x5aa490f9ce3167fba059a7a3707bdbbb1d3bebae45e58b50f6add63123e95b5b,DSF,WLTH,USDC,1281.743399257361723444,6.086212,3.1620609659679113,6.086212,210.597889008362134517,0xe0ca2e8451361c1667bcc92f6785d5160790db67,0x382029a911780f8dfc081aceff934818e5e99b04b0032727d61e1c1597807857
1741664945,0x5aa490f9ce3167fba059a7a3707bdbbb1d3bebae45e58b50f6add63123e95b5b,DSF,WLTH,USDC,1369.597667782333513087,6.499762,3.378797446419017,6.499762,210.715048917534751747,0xc37570809df38b06540e259eda187f7210299d3d,0xcc152a66cbf6b14dc94c9d34e48443ac1981755e749552515d6ecc106049a23f
1741662387,0x5aa490f9ce3167fba059a7a3707bdbbb1d3bebae45e58b50f6add63123e95b5b,DSF,WLTH,USDC,1304.415569291021583505,6.201089,3.21799320944095,6.201089,210.352660523179329228,0x5078e91df99490ef44e35ddde3246172d22d29bc,0x4643ba341a7b4a487ca472f7f7d931c260023faced48802b84108cbd00bb7250
1741659539,0x5aa490f9ce3167fba059a7a3707bdbbb1d3bebae45e58b50f6add63123e95b5b,DSF,WLTH,USDC,1622.151713536495161656,7.70613,4.001848277294534,7.70613,210.501472663515300372,0x5078e91df99490ef44e35ddde3246172d22d29bc,0xe9c8122c23a4434a475d370940ab6f3c80a2ba9e4d32fe8724005074a60dfebb
1741658011,0x5aa490f9ce3167fba059a7a3707bdbbb1d3bebae45e58b50f6add63123e95b5b,DSF,WLTH,USDC,1074.164956491213247783,5.150422,2.6499649476638227,5.150422,208.558630048414139226,0xdb469e1a0afbfee783c266ad7f251b44b1f8279e,0xccf9ad6b8f1d68cee7f172ae35b99ab22400a1cad4da8f655d2333c300e25b9b
1741653991,0x5aa490f9ce3167fba059a7a3707bdbbb1d3bebae45e58b50f6add63123e95b5b,DSF,WLTH,USDC,1480.412641636863524963,7.050889,3.6521779869181423,7.050889,209.961132792880943801,0x2847dd0cde8d58740e52666e912c015189e11b5e,0x1a8830a1fa51e824cdb6d7bf488b84b0936973e76fad44e556dc49d2c7610ee5
1741651929,0x5aa490f9ce3167fba059a7a3707bdbbb1d3bebae45e58b50f6add63123e95b5b,DSF,WLTH,USDC,1350.040874228363400174,6.45967,3.3305508367213728,6.45967,208.995331685420989024,0x2847dd0cde8d58740e52666e912c015189e11b5e,0x3c313ec7957bc74337b868d11d350f03ff19739aada922e5a28ab96419534140
1741649333,0x5aa490f9ce3167fba059a7a3707bdbbb1d3bebae45e58b50f6add63123e95b5b,DSF,WLTH,USDC,1352.538007098334179249,6.480735,3.3367112635115905,6.480735,208.701328953943368961,0xcb5d2b58e160162355f4ef79e723008d4fa39825,0x3e429aee3022f917938c17f753cc1e313616e4f822fb161cb8eaade505e8dd9c
1741646757,0x5aa490f9ce3167fba059a7a3707bdbbb1d3bebae45e58b50f6add63123e95b5b,DSF,WLTH,USDC,1331.138761258115590239,6.386579,3.2839193240237714,6.386579,208.427510449352554824,0xb492b536e20eabc16857b79d672556773ad7518d,0xc812eb7b830293497e628d1d2c0937bde9a056a7f74ef98cdabfd1521e41c80c
1741644091,0x5aa490f9ce3167fba059a7a3707bdbbb1d3bebae45e58b50f6add63123e95b5b,DSF,WLTH,USDC,1358.143794915015664092,6.516731,3.3505407420553435,6.516731,208.408755082113357769,0xb492b536e20eabc16857b79d672556773ad7518d,0x2404bd77171a802897f5541d281368e4129da8357f9fc9c484e6bc9389a2e74a
1741641549,0x5aa490f9ce3167fba059a7a3707bdbbb1d3bebae45e58b50f6add63123e95b5b,DSF,WLTH,USDC,1469.506587827953270133,7.050889,3.625272752171561,7.050889,208.414369851511386739,0xb492b536e20eabc16857b79d672556773ad7518d,0x938d757e3fbde9ef80994b005bc394c208a59b8295dfa0169fcb782c2c52c9b7
1741639487,0x5aa490f9ce3167fba059a7a3707bdbbb1d3bebae45e58b50f6add63123e95b5b,DSF,WLTH,USDC,1472.07664707640043616,7.085941,3.6316130883374798,7.085941,207.746105573896316122,0xc92be5c1a82da1ab3984a3923dcc5d8576279c7d,0xd467d6fa7504db0eeab6fab1f9ad0a81c1354ce9aed4749bafabf6874f998a5d
1741637455,0x5aa490f9ce3167fba059a7a3707bdbbb1d3bebae45e58b50f6add63123e95b5b,DSF,WLTH,USDC,1720.086969068035491976,8.310271,4.243454552690843,8.310271,206.983258315888313627,0xcb5d2b58e160162355f4ef79e723008d4fa39825,0x0c8ddb8f037e73dd03afe88dcd4eaed8ec64804e0d2a16f81ae275a7d02384f2
1741636375,0x5aa490f9ce3167fba059a7a3707bdbbb1d3bebae45e58b50f6add63123e95b5b,DSF,WLTH,USDC,1289.27795959481975438,6.304244,3.1806487263204204,6.304244,204.509527168494708386,0x7e59691f6b72d8cc5c64fb6eb4b00f28117802e8,0x16e95fe10c5861bfdc76385674c74789c6aec7d43cc3e422c5f38178cb09ea1c
1741633629,0x5aa490f9ce3167fba059a7a3707bdbbb1d3bebae45e58b50f6add63123e95b5b,DSF,WLTH,USDC,1905.523837740564685414,9.345717,4.700927307705973,9.345717,203.892739074012693238,0xb492b536e20eabc16857b79d672556773ad7518d,0x7adeb006b4c2e1af77bcd22442744bda53638bbc6365af5533d025baa149a5b6
1741633237,0x5aa490f9ce3167fba059a7a3707bdbbb1d3bebae45e58b50f6add63123e95b5b,DSF,WLTH,USDC,596.689578450085094818,2.97921,1.4720331900363601,2.97921,200.2844977192225774,0x4830d191aaac7a58ce61739781ec684ccb9d45e5,0xb4ca677c7455b17456c82dfebad22515aca81d681528b729bee55458056dc7f4
1741625371,0x5aa490f9ce3167fba059a7a3707bdbbb1d3bebae45e58b50f6add63123e95b5b,DSF,WLTH,USDC,1057.410766926178529376,5.237632,2.6086323620068823,5.237632,201.887182399637570828,0xcb5d2b58e160162355f4ef79e723008d4fa39825,0x1a61545c82c051327f3875eaef19b9f40f4fcc4b3d77bd8d3d699c75cf259ad1
1741621459,0x5aa490f9ce3167fba059a7a3707bdbbb1d3bebae45e58b50f6add63123e95b5b,DSF,WLTH,USDC,1806.013946422707225358,8.947386,4.455436405824819,8.947386,201.848220968974315555,0xc37570809df38b06540e259eda187f7210299d3d,0x11068bbc29d09ddfa9fb37411f273ee7dce7c9d5d48c532140ec84df1af116e1
1741620813,0x5aa490f9ce3167fba059a7a3707bdbbb1d3bebae45e58b50f6add63123e95b5b,DSF,WLTH,USDC,526.437516377643594324,2.652814,1.298721352903647,2.652814,198.444940496259290822,0xb492b536e20eabc16857b79d672556773ad7518d,0x7267f8703ed6dee970aca90febd0640944b29abcaa64639072c89d996ff5d108
1741612011,0x5aa490f9ce3167fba059a7a3707bdbbb1d3bebae45e58b50f6add63123e95b5b,DSF,WLTH,USDC,659.560193399298779892,3.316822,1.62713499711607,3.316822,198.853056751100535359,0x245fcce2d5d0e365c2777b5984460742ce438e7e,0x19c9ea1155bfa49de0c9ee3b81552dd59461941147b289577c41d182162e9342
1741604963,0x5aa490f9ce3167fba059a7a3707bdbbb1d3bebae45e58b50f6add63123e95b5b,DSF,WLTH,USDC,1186.782389808877203137,5.950941,2.9277921556585,5.950941,199.427685438131079292,0x7e59691f6b72d8cc5c64fb6eb4b00f28117802e8,0x8b3120aad589b3157ca757ab2fb944cdb5152731b3b3bfada18ab7221f35bb04
1741601859,0x5aa490f9ce3167fba059a7a3707bdbbb1d3bebae45e58b50f6add63123e95b5b,DSF,WLTH,USDC,610.555127743667853727,3.089645,1.5062395001436286,3.089645,197.613359380662779616,0x36f45c7490a77f101cc12cab11ff3a8738621f1d,0x7344a918b47fa54204daf65a2d02b07664ad6653eb15c24ba3af1f44e5f926a1
1741594275,0x5aa490f9ce3167fba059a7a3707bdbbb1d3bebae45e58b50f6add63123e95b5b,DSF,WLTH,USDC,317.784155220181247678,1.614119,0.7839735109281872,1.614119,196.877773708246571459,0xc37570809df38b06540e259eda187f7210299d3d,0x91374824091b7fc2c346143cbc903d15ae5349a29ad00070d969a036b9ffa4da
1741580331,0x5aa490f9ce3167fba059a7a3707bdbbb1d3bebae45e58b50f6add63123e95b5b,DSF,WLTH,USDC,493.989367678096294837,2.506328,1.2186717700618637,2.506328,197.096855510570162738,0x7e59691f6b72d8cc5c64fb6eb4b00f28117802e8,0x2d214f5a885badc1c31c3b1f8128ddbc76941fb7bc6d78739603f29630dee72b
1741571047,0x5aa490f9ce3167fba059a7a3707bdbbb1d3bebae45e58b50f6add63123e95b5b,DSF,WLTH,USDC,196.397497156177272011,1.000001,0.48451262548428936,1.000001,196.397300758876513134,0xe0ca2e8451361c1667bcc92f6785d5160790db67,0xcf2f92f9a1e3ae003d4cb0d6df01391ef49f27d344b026065dfb2bfb4fd2db24
1741488077,0x5aa490f9ce3167fba059a7a3707bdbbb1d3bebae45e58b50f6add63123e95b5b,DSF,WLTH,USDC,1393.661229706649057069,7.027633,3.4381622536863032,7.027633,198.311612132655341715,0x7e59691f6b72d8cc5c64fb6eb4b00f28117802e8,0x4d7d76401d1038f33aafb03d14cda2e1acbe6e3cda18a63096500209a895a051
1741485995,0x5aa490f9ce3167fba059a7a3707bdbbb1d3bebae45e58b50f6add63123e95b5b,DSF,WLTH,USDC,195.639904475801087638,1.0,0.48264364434180124,1,195.639904475801087638,0x4830d191aaac7a58ce61739781ec684ccb9d45e5,0xb9638e2eb401df7bc98077e8355bd9a10fab9b0c445698f6854c5a5ed790bb0d
1741390521,0x5aa490f9ce3167fba059a7a3707bdbbb1d3bebae45e58b50f6add63123e95b5b,DSF,WLTH,USDC,588.06738441835364424,2.990675,1.4507622373600784,2.990675,196.633664446438895647,0xcb5d2b58e160162355f4ef79e723008d4fa39825,0x1d1e28836149f3f7d56e3bc5542be7b5c2e5ecaa394a00f7529c2b25cd523297
1741382685,0x5aa490f9ce3167fba059a7a3707bdbbb1d3bebae45e58b50f6add63123e95b5b,DSF,WLTH,USDC,877.823988969100496496,4.453976,2.165591780786771,4.453976,197.087723186900983861,0xc92be5c1a82da1ab3984a3923dcc5d8576279c7d,0x489df6fdab404234e082d957ed1042bab1204a5e5bae987d98f4b9d12e0f6314
1741377711,0x5aa490f9ce3167fba059a7a3707bdbbb1d3bebae45e58b50f6add63123e95b5b,DSF,WLTH,USDC,1284.699726076270904062,6.529493,3.1693542242301604,6.529493,196.753366008091425178,0x29384a295cce669b9edcd96e1ad41127e4340caf,0xf2a07771301ae672bb89c0f5ac4a01551ae73a52cac124ff3b8d59578edbd223
1741375181,0x5aa490f9ce3167fba059a7a3707bdbbb1d3bebae45e58b50f6add63123e95b5b,DSF,WLTH,USDC,724.859950405427730483,3.722486,1.7882294976501902,3.722486,194.724694842486373483,0xc37570809df38b06540e259eda187f7210299d3d,0x61615d5c88c05ed944f73cca6de0bf7c8354df2c7e596e7cc2848d73ed3f8fe3
1741368971,0x5aa490f9ce3167fba059a7a3707bdbbb1d3bebae45e58b50f6add63123e95b5b,DSF,WLTH,USDC,1657.604548687800607493,8.533176,4.0893104216128044,8.533176,194.254114609589748001,0x86870c1b2872ff8f0beddddd57e869ef99f4966b,0xc15e4447787a46ad88e3b2c4d00d770b825077343c5836429920fcc242e8ebbe
1741368047,0x5aa490f9ce3167fba059a7a3707bdbbb1d3bebae45e58b50f6add63123e95b5b,DSF,WLTH,USDC,1743.991663420649056534,9.167672,4.302427433658742,9.167672,190.232772662530799153,0x7e59691f6b72d8cc5c64fb6eb4b00f28117802e8,0x118d9503c780c038ee6d6b0c944bb6b2a9d0d0826b210dddbde96f485256d495
1741367543,0x5aa490f9ce3167fba059a7a3707bdbbb1d3bebae45e58b50f6add63123e95b5b,DSF,WLTH,USDC,186.049145425510820501,1.0,0.4589832417647352,1,186.049145425510820501,0xdb469e1a0afbfee783c266ad7f251b44b1f8279e,0xbed2eaa0bc2a32e0489ae99221fb3a1cfad4cc757318bef99b6d0ab9623de668
1741207433,0x5aa490f9ce3167fba059a7a3707bdbbb1d3bebae45e58b50f6add63123e95b5b,DSF,WLTH,USDC,248.310604020879843158,1.347997,0.6125822601195106,1.347997,184.207089497142681443,0x00425d3bb4b326e00edcb53a7bdbe205847efe26,0xf80ca74d32c1c45e15fbfc9a08523f6cff49dac6251b81d40ec211aeb0623490